4150	AlamanceCo Help
4151	AlamanceCo Commn
4152	AlamanceCo EMS A
4153	AlamanceCo Event
4154	ElonGib PD Admn
4155	AlamanceCo Rescu
4156	AlamanceCo FD 10
4157	AlamanceCo FD 2
4158	AlamanceCo SO 3
4159	AlamanceCo FD 4
4160	AlamanceCo FD 5
4161	AlamanceCo FD 6
4162	Graham PD 2
4163	AlamanceCo FD 8
4164	AlamanceCo FD 9
4165	AlamanceCo EMA
4166	AlamanceCo EMS
4167	AlamanceCo FD 1
4168	AlamanceCo MA
4169	AlamanceCo SO 1
4170	Graham FD Tac
4172	AlamanceCo SO In
4173	AlamanceCo SO 2
4174	AlamanceCo SO Na
4187	ElonGib PD
4197	Elon Univers Sec
4198	AlamanceCo SO Gg
4208	AlamanceCo FD 3
4218	Graham FD Disp
4221	Graham PD 1
4231	Haw River PD
4244	Mebane PD 2
4245	Mebane PD
4246	Mebane FD Disp
4247	Mebane MedFD
4300	ALEX SO
4301	ALEX SO OPS1
4302	ALEX CID1
4303	ALEX MAID
4304	ALEX FD
4305	ALEX EMS
4306	ALEX EM
4307	ALEX RES
4308	ALEX OPS1
4309	ALEX OPS2
4310	ALEX OPS3
4311	ALEX TAC
4321	TAYLRS PD T1
4400	ALLEGHANY EM
4401	ALLEGHANY EMS
4402	ALLEGHANY FD
4403	ALLEGHANY MA
4404	ALLEGHANY SO
4405	ALLEGHANY TAC
4501	Anson Common
4502	Anson EMO
4503	ANSONEMS
4508	ANSONFIRE
4509	Anson MA
4510	ANSOSO
4516	Anson Tac 1
4517	Anson Tac 2
4518	Anson Tac 3
4519	Anson Tac 4
4520	Anson Tac 5
4521	Anson Tac 6
4543	Wadesboro PD
4544	Wadesboro PD Pat
4555	Lilesville PD
4565	Morven PD
4600	ASHECOMM
4601	ASHEEM
4602	ASHEEMS
4603	ASHEFIRE
4604	ASHEMAIDD
4605	ASHERSQDISP
4606	ASHESO
4607	ASHESOADMIN
4608	ASHESONARC
4609	ASHESOPTRL
4610	ASHETAC1
4611	ASHETAC2
4612	ASHETAC3
4613	ASHETAC4
4614	ASHSOINV
4624	JEFFPDDISP
4625	JEFFPDTAC
4635	WJEFPDDISP
4645	WJEFPDTAC
4700	AVERY EM
4701	AVERY EMS
4702	AVERY FIRE
4703	AVERY MA
4704	AVERY SO
4705	AVERY TAC
4714	Av Co South Law
4802	BFORCOTEMS
4803	BFORTCOFD
4804	BFORTCOMAID
4805	BFORTCOSO
4823	WASHINGTONFD
4824	WASHINGTNPD1
4825	WASHINGTNPD2
4900	Bertie EM
4901	Bertie EMS
4902	Bertie Fire
4903	Bertie MA
4904	Bertie Shrf
4907	Bertie SRO
4908	Bertie Tac 1
4909	Bertie Tac 2
4910	Bertie Tac 3
4911	Bertie Tac 4
5000	BLADENBOROPD
5001	BLADENEM
5002	BLADENEMS 
5003	BLADENEMSADM
5004	BLADEMSTAC1
5005	BLADEMSTAC2
5006	BLADFDADMIN
5007	BLADENFDTAC1
5008	BLADENFDTAC2
5009	BLADENFDTAC3
5010	BLADENCOFIRE
5011	BLADENLAWADM
5012	BLADLENARC1
5013	BLADENMAIDD
5014	BLADENNARC
5015	BLADENOPS1
5016	BLADENOPS2
5017	BLADENOPS3
5018	BLADENOPS4
5019	BLADENCOSO
5020	BLADSPECOPS
5021	BLADENTAC
5022	BLADENTAC2
5032	ETOWNPD
5042	WHITELAKEPD
5500	BrunCo Emgcy
5501	BrunCoCommon
5502	BrunCo Tac 6
5503	BrunCo Tac 5
5504	BrunCo Narc
5505	BrunCo Law T
5506	BrunCo Sp Op
5507	BrunCo Tac 2
5508	BrunCo Tac 3
5509	BrunCo Tac 4
5510	BrunCo Law 4
5511	BrunCo Law2 East
5512	BrunCo Law3 West
5513	BrunCo Em Mg
5514	BrunCo EMS
5515	BrunCo FD
5516	BrunCo MuAid
5517	BrunCo Law1 Shrf
5518	BrunCo Tac 1
5519	BrunCo Pagin
6000	BuncomCo EM
6001	BuncomCo EMS
6002	BuncomCoFire
6003	BuncomCo Law
6004	BuncombCo MA
6005	BuncomCo Tac
6015	AshevilleFD1
6016	AshevilleFD2
6017	AshevillePD1
6018	AshevillePD2
6040	Blk Mtn PD Disp
6043	Blk Mtn PD Ops
6501	BURKECO EM
6503	BurkeCo EMS
6504	BurkeCo Fire
6507	BURKE EMS
6509	BURKECO RESQ
6510	BURKESOADM
6511	BURKECO SO
6514	BURKECO TAC1
6515	BURKECO TAC2
6516	BURKECO TAC3
6517	BURKECO TAC4
6518	BURKECO TAC5
6519	BURKECO TAC6
6520	BURKECO TAC7
6521	BURKECO TAC8
6532	MRGNTN PD
6533	MRGNTN FD
6534	MRGANTNPS2
6535	MRGANTNPS3
6545	BURKE SOINFO
6546	Burke Co REACT
6555	BROUGHTONPD
7000	CABARRUSEM
7001	CABARRUSEMS
7002	CABARRUSFD
7003	CABARRUSMAID
7004	CABARRUSSO
7005	CABARRUSTAC
7015	CONCORDFD
7016	CONCORDGOV
7017	CONCORDPD
7018	CONCORDTAC
7500	CALDWELL OPS
7501	CALDEM OPS
7502	CALDEMER
7503	CALDEMSOPS
7504	CALDEMSADM
7505	CaldwCo Fire
7506	CALDFM OPS
7507	CALDMAID
7508	CALDRSQ
7509	CALDWELL SO2
7510	CALDLE DISP
7511	CALDSONARC
7512	CALDWELL SO1
7513	CALDWELLT1
7514	CALDWELLT2
7515	CALDWELLT3
7516	CALDWELLT4
7517	CALDWELLT5
7527	GRANITEPDAD
7528	GRANITE PD
7538	HUDSONPDADM
7539	HUDSON PD
7549	LENOIRFDOPS
7550	LENOIRPDAD
7551	LENOIR PD
7552	LENOIRPDEMER
7553	LENOIRPDNARC
7554	LENOIRPDOPS
8000	CAMDENMAID
8500	CCOSO
8501	CCOSO2
8502	CCOSOADM
8503	CCOSOINVST
8505	CCOSOSRT
8506	CCOPS TAC1
8507	CCOPS TAC 2
8508	CCOPS TAC 3
8509	CCOPS TAC 4
8510	CCOPS TAC 5
8511	CCOPS TAC 6
8512	CCOPS TAC 7
8513	CCOPS TAC 8
8514	CCOMUTUALAID
8515	CCO FIRE
8516	CCO EMS
8517	CCOEMSADMIN
8527	MHEAD PD
8528	MHEAD FD
8538	ABEACH PD
8539	ABEACHPDINVS
8540	ABEACH FRE
8550	EISLE PD
8551	EISLEPDINVES
8552	EISLEFDEMS
9000	CASCOCOM
9001	CASCOSOCID
9002	CASCOSONARC
9003	CASCOSOOPS
9004	CASCOTAC2
9005	CASCOTAC3
9006	CASWELLEM
9007	CASWELLEMS
9008	CASWELLFIRE
9009	CASWELLMAID
9010	CASWELLSO
9011	CASWELLTAC
9500	CATAWBA 911
9501	CATAWBAEMER
9502	CATAWBA LAW5
9503	CATAWBAMAIDD
9504	CATAWBACOM
9505	CATEMSADMN
9506	CATEMSCMED
9507	CATEMSDISP2
9508	CATEMSOPS
9509	EMERMGT
9510	ANMAL CTRL
9511	FIRE OPS
9512	CATFDALERT
9513	CATFD
9514	GENERAL GOVT
9515	CAT LAW 1
9516	CAT LAW 2
9517	CATPDADMIN
9518	CATRESQDISP1
9519	CATRESQOPS
9520	CAT CID
9521	CATSO
9522	CATSO SO
9523	CAT NARC
9524	CAT ADMIN
9525	CATSTAR
9526	CATTAC1
9527	CATTAC2
9528	CATTAC3
9529	CATTAC4
9530	CATTAC5
9531	CATTAC6
9532	CATTAC7
9533	CATTAC8
9544	CONOPDDISP
9545	CONOPDOPS1
9555	HICKORYFDOPS
9556	HICKORYFDDSP
9557	HICKORYPDPTC
9567	LAKENORMN
9577	NEWTONPDDISP
9578	NEWTONPDINV
9579	NEWTONPDNARC
9580	NEWTONPDOPS
10000	CHATHAMEM
10001	CHATHAMEMS
10002	CHATHAMFIRE
10003	CHATHAMSO
10004	CHATHAMTAC
10005	CHATHAMMAID
10500	CHEROKEEEM
10501	CHEREMS
10502	CHERFIRE
10503	CHERMAID
10504	CHERSODISP
10505	CHERSOSECU
10506	CHEROKEETAC
11000	CHOWANCOM
11001	CHOWANEM
11002	CHWANEMADMN
11003	CHOWANEMS
11004	CHOWANEMSADM
11005	CHOWANFDADMN
11006	CHOWANFD
11007	CHOWANMAID
11008	CHOWANSO
11009	CHOWNSOADMN
11010	CHWANSOINVE
11011	CHOWANSONARC
11012	CHOWANTAC1
11013	CHOWANTAC2
11014	CHOWANTAC3
11025	EDENTONPDADM
11026	EDENTONPD
11027	EDENTONPDINV
11500	CLAYEM
11501	CLAYEMS
11502	CLAYFIRE
11503	CLAYMAIDD
11504	CLAYSO
11505	CLAYTAC
12000	CLEVEEM
12001	CLEVEEMS
12002	CLEVEFIRE
12003	CLEVEMAID
12004	CLEVESO
12005	CLEVETAC
12500	COLUMBUSEM
12501	COLUMBUSEMS
12502	COLUMBUSFD
12503	COLUMBUSMAID
12504	COLUMBUSSO
12505	COLUMBUSTAC
13004	CRAVENFD
13007	CRAVENSO
13500	CCSORCRDS 
13501	CCSOCIVIL
13502	CCSOCOURT
13503	CCSODETEN
13504	CCSO DISP 1A
13505	CCSD DISP 2B
13506	CCSO DISP 2A
13507	CCSOMOTOR
13508	CCSOTC08
13509	CCSO DISP 1B
13510	CCSOTC10
13511	CumbCoCommon
13512	CCSO SRO
13513	CumbCo Evt 1
13514	Cumb Co Talk
13515	CUMB MA
13519	CUMCOACDISP
13521	CUMCOEMMAIN 
13522	Cum Co FD Tac 1
13523	Cum Co FD Tac 2
13524	Cum Co FD Tac 3
13525	Cum Co FD Tac 4
13526	Cum Co FD Tac 5
13527	Cum Co FD Tac 6
13528	Cum Co FD Tac 7
13529	Cum Co FD Tac 8
13530	Cum Co FD Disp
13531	Cum Co FD FG
13532	Cum Co FD EOC
13533	Cum Co FD Tac 9
13534	Cum Co FD Tac 10
13535	Cum Co FD Tac 11
13542	CUMCOEMS
13543	CFH GND 2
13544	CFV GRD DISP
13545	CFV AIR OPS
13546	CFV AIR DISP
13555	FAYCITYFDADM
13556	FAYCITYFDDIS
13557	FAYCITYPDADM
13558	FAYCITYPDDIS
13559	FAYPDTAC1
13560	FAYPDTAC2
13570	HopeMillsPD Disp
13571	HopeMillsPD Tac1
13573	HopeMills PD Inv
13584	SprgLake PD
13585	SPRINGLAKEPD
14000	CURR EM
14001	EMS DISP
14002	FD DISP
14003	CURR MAID
14004	SO DISP
14005	CURR TAC 1
14007	SO ADMIN
14008	SO INV
14009	SO SOPS
14010	FD ADMIN
14011	EMS ADMIN
14012	RSQ DISP
14013	CURR COMM
14014	CURR TAC 2
14015	CURR TAC 3
14016	CURR TAC 4
14500	DARECOM
14501	DAREEM
14502	DAREEMS
14503	DAREFIRE
14504	DAREMAID
14505	DARESO
14506	DARETAC
14507	DARETAC2
14508	DARETAC3
14509	DARETAC4
14519	BEACHLAW1
14529	OCEANRESQDIS
15000	Davidson EM
15001	Davidson EMS
15002	Davidson Fire
15003	Davidson MA 1
15004	Davidson SO Ops
15005	Davidson IC 1
15006	Davidson IC 2
15007	Davidson IC 3
15008	Davidson Emerg
15009	Davidson Event 1
15010	Davidson Event 2
15011	Davidson Event 3
15012	Davidson Event 4
15013	Davidson MA 2
15014	Davidson FD Trn1
15015	Davidson FD Trn2
15020	Davidson FD Tac5
15021	Davidson FD Tac6
15022	Davidson FD Tac7
15023	Davidson FD Tac8
15024	Davidson FD Tac9
15025	Davidson FD Tc10
15026	Dvdsn Co Sh Disp
15050	Lexington PD Dsp
15051	Lexington PD Ptl
15052	Lexington PD Adm
15053	Lexington PD TOC
15054	Lexington PD Inv
15055	Lexington PD SRT
15056	Lexington PD Ops
15057	Lexington FD Dsp
15058	Lexington FD Ins
15059	Lexington FD Adm
15080	Denton Police
15500	DAVIECOMMON
15501	DAVIEEM
15502	DAVIEEMS
15503	DAVIEEMSADMN
15504	DAVIEFIRE
15505	DAVIEMAIDD
15506	DAVIECOSO
15507	DAVIESOADMIN
15508	DAVIESOCIVIL
15509	DAVIESOINVES
15510	DAVIENARC
15511	DAVIESOPTRL
15512	DAVIETAC1
15513	DAVIETAC2
15514	DAVIETAC3
15515	DAVIETAC4
15516	DAVIETAC5
15517	DAVIETAC6
15527	COOLPDDISP
15537	MOCKPDADMIN
15538	MOCKPDDISP
15539	MOCKPDINVEST
15540	MOCKPDNARC
15541	MOCKPDPTRL
16000	Duplin Commn
16001	Duplin EMA
16002	Duplin EMS D
16003	Duplin EMS A
16004	Duplin FD Ds
16005	Duplin FD 3
16006	Duplin SO 1
16007	Duplin MA
16008	Duplin SO 4
16009	Duplin SO 5
16010	Duplin SO 6
16011	Duplin SO 7
16012	Duplin SO 3
16013	Duplin SO 2
16014	Duplin SO 8
16015	Duplin SO 9
16016	DuplinCoTac1
16017	DuplinCoTac2
16018	DuplinCoTac3
16019	DuplinCoTac4
16020	Duplin FD 1
16021	Duplin FD 2
16029	BeulavillePD
16039	Rosehill PD
16049	Wallace PD
16500	Duke PD1
16501	Duke PD2
16502	FD EMS 1
16503	FD EMS 2
16504	EVENT 1
16505	EVENT 2
16506	EVENT 3
16507	DUKEOPS1
16508	DUKEOPS2
16509	DUKEOPS3
16510	DUKEOPS4
16511	DUKEOPS5
16512	DUKEOPS6
16513	DUKE OESO
16514	DKE LFEFLGHT
16515	DUKE EMS
16517	DUKE SEC 1
16518	DUKE SEC 2
16519	DUKE EM1
16520	DUKE EM2
16521	LFLIGHT SS
16522	LF AIR OPS
16523	LF CAREOPS
16524	LF DISP
16525	LF ADMN
16526	DUKE RAL
16535	DTCCPDDISP
16536	DUR EM
16537	DUR EMS
16538	DUR FD
16539	DUR LAW
16540	DUR TAC
16541	DUR GOV
16542	DUR MAID
17000	EDGECOMBEEM
17001	EDGECOMBEEMS
17002	EDGECOMBEFIR
17003	EDGECOMBEMAI
17004	EDGECOMBESO
17005	EDGECOMBETAC
17006	EDGECOMMON
17007	EDGEESADMN
17008	EDGEGOVT1
17009	EDGEGOVT2
17010	EDGESOADMIN
17011	EDGESOCID
17013	EDGESOPTRL
17014	EDGESOSPTAC
17015	EDGETAC2
17016	EDGETAC3
17017	EDGETAC4
17027	PINETOPSPDAD
17037	TARBOROCOM
17038	TARBOROFD
17039	TARBOROPD
17500	ForCo EmMgmt
17501	ForCo EMS
17502	ForCo Fire
17503	ForCo MutAid
17504	ForCoSheriff
17505	ForCo Tac
18007	FRANKLIN FD
18009	FranklinCoSh
18500	Gaston EM
18501	Gaston EMS
18502	Gaston Fire
18503	Gaston MA
18505	Gaston Tac 1
18506	Gaston Tac 2
18507	Gaston Tac 3
18517	Gastonia FD
18518	Gastonia PD
18578	Belmont PD
18990	Cheryville PD
19000	GASTESMAID
19001	GATESEM
19002	GATESEMS
19003	GATESFIRE
19004	GATESSO
19005	GATESSOADMIN
19006	GATESSOINVES
19007	GATESSPECIAL
19008	GATESTAC
19009	GATESTAC2
19010	GATESTAC3
19011	GATESTAC4
19500	GRAHAMEM
19501	GRAHAMEMS
19502	GRAHAMFIRE
19503	GRAHAMMAID
19504	GRAHAMSO
19505	GRAHAMTAC
20000	GCOSOADMIN
20001	GCOSOCIVIL
20002	GRNVILE LAW
20003	GCOSOINVEST
20004	GCOSONARC
20005	GCOSOPAT
20006	GRANVILLEEMS
20007	GRANVILLE FD
20008	GCOPSADMIN
20009	GCOEM
20010	GCOMMN
20011	GLEADM
20012	GLESOP
20013	GRAN MUTAID
20014	GMAIDD
20015	GMEDCT
20016	GRAN TAC 1
20017	GRAN TAC 10
20018	GRAN TAC 2
20019	GRAN TAC 3
20020	GRAN TAC 4
20021	GRAN TAC 5
20022	GRAN TAC 6
20023	GRAN TAC 7
20024	GRAN TAC 8
20025	GRAN TAC 9
20026	GTRAIN
20027	GTRANS
20028	GTWNPD
20038	CRDMRPDINV
20039	CREEDMOOR PD
20049	OXPDADMIN
20050	OXFORD PD
20051	OXPDINV
20500	Greene Co Common
20501	Greene Co Event1
20502	GreeneCoFD Ops 5
20503	GreeneCo FD Disp
20504	Greene Co MutAid
20505	GREENESO
20506	GRNESOADMIN
20507	GRNESOINVEST
20508	GREENESONARC
20509	Greene Co Event2
20510	GreeneCoFD Ops 2
20511	GreeneCoFD Ops 3
20512	GreeneCoFD Ops 4
20522	Snow Hill Police
21000	GUILFORD EM
21001	GUILFORD EMS
21002	GUILFORD FD
21003	GUILFD MAID
21004	GUILFORD SO
21005	GUILFD TAC 1
21006	GUILFD TAC 2
21007	GUILFD TAC 3
21008	GUILFD TAC 4
21009	GUILFD TAC 5
21010	GUILFD TAC 6
21011	METRO FD OPS
21012	PTIA OPS
21013	HPPD DISP
21014	HPFD DISP
21015	GPD DISP
21016	CAMPUS OPS
21500	HALIFAXEM
21501	HALIFAXEMS
21502	HALIFAXFIRE
21503	HALIFAXMAID
21504	HALIFAXSO
21505	HALIFAXTAC
22000	HARESADMIN
22001	HARNETTEMS
22002	HCOFIRERESPN
22003	HARNETTMAID
22004	HAR SO DISP1
22005	HAR SO DISP2
22006	HARNETTSOINV
22007	HARNSONARC
22008	HARNSOTACT
22009	HCOFIRETAC1
22010	HARNSOPAT1
22011	HARNSOPAT2
22012	HARNSOPAT3
22013	HARSOTRANS
22014	HCOCOURT
22015	HARSOICE
22017	LILLINGTNPD
22018	DUNN ER PD
22019	DUNN PD 1
22020	DUNN PD 2
22021	DUNN PD 3
22022	HCOFIREALERT
22023	HCOEMSALERT
22024	HCOCOMMON 1
22025	Harnett Co Comm2
22035	HCOEMSTRANSP
22036	HCOPSEVENT 1
22037	HCOPSEVENT 2
22038	HCOFIRETAC 2
22039	HCOFIRETAC 3
22040	HCOFIRETAC 4
22041	HCOFIRETAC 5
22042	HCOFIRETAC 6
22043	HCOFIRETAC 7
22044	HCOFIRETAC 8
22045	HCOFIRETAC 9
22046	HCOFIRETAC10
22047	HCOFIRETAC11
22048	HCOFIRETAC12
22049	HCOFIRETAC13
22050	HCOFIRETAC14
22051	HCO OPS 15
22052	HCO OPS 16
22053	HCO OPS 17
22054	HCO OPS 18
22055	HCO OPS 19
22056	HCO OPS 20
22057	HCO OPS 21
22058	HCO OPS 22
22059	HCO OPS 23
22060	HCO OPS 24
22061	HCO OPS 25
22062	HCO OPS 26
22063	HCO OPS 27
22064	HCO OPS 28
22065	HC WATER
22066	HAR TRANS
22500	HAYWDEM
22501	HAYWDEMS
22502	HAYWDFD
22503	HAYWDLAW
22504	HAYWDTAC
22505	HAYWOOD MA
22506	Haywood Co Tac 2
22507	Haywood Co Tac 3
22508	Haywood Co Tac 4
22509	Haywood Co Tac 5
23001	Hend Co Common
23004	Hend Co Event
23007	Hend Co Rescue
23012	HendCoTactical 1
23013	HendCoTactical 3
23014	HendCoTactical 4
23015	HendCoTactical 5
23016	HendCoTactical 6
23017	HendCoTactical 7
23018	HendCoTactical 8
23019	Hend Co EMO
23020	Hend Co EMS
23021	Hend Co Fire
23022	Hend Co Law
23023	Henderson Co MA
23024	HendCoTactical 2
23026	HendersonvillePD
23027	Hndrsnvll PD Pat
23037	Fletcher Police
23500	HERTFORDEM
23501	HERTFORDEMS
23502	HERTFORDFIRE
23503	HERTFORDMAID
23504	HERTFORDSO
23505	HERTFORDTAC
24000	Hoke Common 1
24001	Hoke Co Em Mgmt
24002	HOKECOEMS
24003	HOKECOFD
24004	HOKE MA
24005	HOKECOSO
24006	HOKE SO TAC
24007	HOKESONARC
24008	HOKE NARC
24009	Hoke Co Sh SpOps
24010	HOKE TAC1
24011	HOKE TAC2
24012	HOKE TAC3
24022	RAEFORD PD
24030	HOKE SO 2
24033	HOKE CO HEAT
24034	HokeCo Sh Common
24500	HYDECOSOMAIN
24501	HYDEEMDISP
24502	HYDEEMSDISP
24503	HYDEFDDISP
24504	HYDEMAID
24505	HYDESOADMIN
24506	HYDESOOPS
24507	HYDETAC40
24508	HYDETAC50
24509	HYDETAC60
24510	HYDETAC70
24511	HYDETAC80
24512	HYDETAC90
24513	HYDE EMS AD
25000	IREDELL AC
25001	IREDELL EM
25002	IREDELLCOEMS
25003	IredCoEMSOps
25004	IREDELLFDOPS
25005	IREDELLCO FD
25006	Iredell MA
25007	IREDELLNARC2
25008	IREDERESQOPS
25009	IRED SO DISP
25010	IRED SO ACE
25011	IREDESOADMIN
25012	IREDESOCIVIL
25013	IREDESOINVES
25014	IREDELSONARC
25015	IREDELLSOOPS
25016	IREDELSOPTRL
25017	IREDELSOOPS2
25018	IREDELLEOC
25019	IREDELLTAC1
25020	IREDELLTAC2
25021	IREDELLTAC3
25022	IREDELLTAC4
25023	IREDELLTAC5
25024	IREDELLTAC6
25025	IREDELLTAC7
25026	IREDELLTAC8
25036	MOORESVEMS
25037	MOORESVFDDIS
25038	MOORESVFDOPS
25039	MOORESVPDDIS
25040	MOORESVPDOPS
25050	STATESFDADMI
25051	STATESFDDISP
25052	STATESFDOPS
25053	STATESPDADMI
25054	STATESPDDISP
25055	STATESPDINVE
25056	STATESPDNARC
25057	STATESPDPTRL
25058	STATESPDOPS
25068	TrtmnPD Conf
25069	TrtmnPD Disp
25500	JackCo EmMgt
25501	JackCo EMS
25502	JackCo Fire
25503	JacksonCo MA
25504	JackCo Law
25505	JackCo Tac
26000	JohnstonCoEM
26001	JohnstnCoEMS
26002	JohnstonCoFD
26003	JohnstnCoLaw
26004	JohnstnCoTac
26005	JohnstonCoMA
26504	JONESSO
27000	LEECOM
27001	LEEEM
27002	LEEEMS
27003	LEEEMSADMIN
27004	LEEEMSOPS
27005	LEEFDADMIN
27006	LEEFDOPS
27007	LEEFIRE
27008	LEEMAID
27009	LEESO
27010	LEESOADMIN
27011	LEESOCID
27012	LEESONARC
27013	LEESOOPS
27014	LEETAC
27015	LEETAC2
27016	LEETAC3
27017	LEETAC4
27018	LEETAC5
27019	LEETAC6
27020	LEETAC7
27021	LEETAC8
27031	SANFRDPDADM
27032	SANFRDPDCID
27033	SANFRDPDDISP
27034	SANFRDPDOPS
27035	SANFRDPDSOPS
27500	LENOIRCOEM
27501	LENOIRCOEMS
27502	LENOIRCOFD
27503	LENOIRCOLAW
27504	LENOIRMAIDD
27505	LENOIRCOTAC1
28000	Lincoln EM
28001	Lincoln EMS
28002	Lincoln Fire
28003	Lincoln MA
28004	Lincoln SO
28005	Lincoln SO Tac
28008	Lincolnton PD
28017	Lincoln FD Tac 1
28018	Lincoln FD Tac 2
28019	Lincoln FD Tac 3
28020	Lincoln FD Tac 4
28021	Lincoln FD Tac 5
28024	Lincoln FD Tac 6
28025	Lincoln FD Tac 7
28028	Lincoln Emer
28032	Lincoln FD Tac 8
28033	Lincoln 911
28034	Lincoln EM Ops 1
28035	Lincoln EM Ops 2
28036	Lincoln EM Ops 3
28500	MCDOWELLEM
28501	MCDOWELLEMS
28502	MCDOWELLFIRE
28503	MCDOWELLMAID
28504	MCDOWELLSO
28505	MCDOWELLTAC
28513	MarionPD Dis
28514	MarionPD Tac
29000	Macon EM
29001	Macon EMS Disp
29002	Macon Fire Disp
29003	Macon MA
29004	Macon SO Disp
29005	Macon Tac 1
29012	Macon SO CC
29015	Franklin PD Disp
29500	MADISONEM
29501	MADISONEMS
29502	MADISONFIRE
29503	MADISONMAID
29504	MADISONSO
29505	MADISONTAC
30000	MARTINCOMM
30001	MARTINEM
30002	MARTINEMS
30003	MARTINFD
30004	MARTINLAW
30005	MARTINMAID
30006	MARTINPW
30007	MARTINSOADMN
30008	MARTINSOINV
30010	MARTINSOSRO
30011	MARTINTAC1
30012	MARTINTAC2
30013	MARTINTAC3
30023	MartinCo LawDisp
30500	Meck Co EMO
30501	Meck Co EMS
30502	Meck Co Fire
30503	Meck Co Sheriff
30504	Meck Co Tactical
30505	Meck Co MA
31000	Mitchell Co EM
31001	MitchellEMS Disp
31002	Mitchell FD Disp
31003	Mitchell Co MA
31004	Mitchell SO Disp
31005	MitchellFD A Tac
31006	Mitchell SO CID
31007	Mitchell SO Narc
31008	MitchellSO Civil
31009	Mitchell SO SOT
31012	Mitchell Common
31014	MitchellFD B Tac
31015	MitchellFD C Tac
31016	MitchellFD D Tac
31017	MitchellFD E Tac
31018	MitchellFD F Tac
31019	MitchellFD G Tac
31020	MitchellFD H Tac
31021	Mitchell Emrgncy
31032	Spruce Pine PD
31042	Mitchell Transpo
31043	Bakersville PD
31500	MONTCOCOM
31501	MONTESTAC1
31502	MONTESTAC2
31503	MONTESTAC3
31504	MONTESTAC4
31505	MONTESTAC5
31506	MONTGMRYEM
31507	MONTGMRYEMS
31508	MONTGOMRYFI
31509	MONTGMRYSO
31510	MONTGOMPD
31511	MONTGMPDTAC
31512	MONTGMAID
31513	MONTGADMI
31514	MONTGSOJAIL
31515	MONTGSOSURV
31516	MONTGSOTAC
31526	BISCOEPDTAC
31536	MONTPDADM
31546	MTGILDPDTAC
31556	STARPDTAC
31566	TROYPDTAC
32000	MOORECOMMON
32001	MOOREEM
32002	MOORECOEMS
32003	MCOEEMSADMI
32004	MOOREEVENT
32005	MOOREFDADMIN
32006	MOORECOFD
32007	MOORELAW
32008	MCOLAWADMN
32009	MOORELEEMER
32010	MOOREMAID
32011	MOOREPSEMER
32012	MOORECOSO
32013	MOORESOADMIN
32014	MOORESOINVES
32015	MOORESONARC
32016	MOORESOPATRL
32017	MOORESOSRT
32018	MOORESPECIAL
32019	MOORESRO
32020	MOORETAC
32021	MOORETAC2
32022	MOORETAC3
32023	MOORETAC4
32024	MOORETAC5
32025	MOORETAC6
32026	MOORETAC7
32027	MOORETAC8
32028	MOORETRAIN1
32029	MOOREJAIL
32038	ABERPDADMIN
32039	ABERDEENPD
32040	ABERPDINVEST
32050	CARTHPDADMN
32060	PINEPDADMIN
32061	PINEHURSTPD
32062	PINEPDINVEST
32072	SANDHL COL
32082	SOPPDADMIN
32083	SOPPDDISP
32084	SOPPDINVEST
32085	SOPPDSRT
32501	NASH SO 1
32502	NASH SO 2
32503	NASH EM
32504	NASH EMS
32505	NASHFIRE
32506	NASHMUTAID
32507	NASH TAC 1
32517	NASHVLLPDADM
32518	NASHVLLPD
32519	NASHVLLPDINV
32529	NCSO TAC 2
32530	NCSO TAC 3
32533	Nash EMS Tac 1
32534	Nash Fire Tac
32538	NCSO ADMIN
32539	NCSO INVEST
32540	NCSO NARC
32541	NCSO SRT
32546	NCSO COMMON
32547	LOCAL PD
32548	LOCALPDADMN
32550	NASH EMERG
32551	NCSO TRAINING
33000	NEW HAN EM
33001	NEW HAN EMS
33002	NEW HAN FIRE
33003	NEW HAN SO
33004	NEW HAN TAC
33005	NEWHANOMAID
33006	NHLESOPS
33007	NHRMC AIR DISP
33011	VITALINK GRD
33500	NRTHPTNMAID
33501	NRTHAMPEM
33502	NRTHAMPEMS
33503	NRTHAMPFIRE
33504	NRTHAMPSO
33505	NRTHAMPTAC
34001	ONSLOWEMS
34002	ONSLOWFIRE
34003	ONSLOWMA
34004	OSNLOWSO
34005	ONSLOWTAC
34500	OC Emerg
34501	OC FD TG 1
34502	OC EM ADMN
34503	OC EMS DISP
34504	OC MAID 1
34505	OC MAID 2
34506	OC OPS 1
34507	OC OPS 10
34508	OC OPS 11
34509	OC OPS 2
34510	OC OPS 3
34511	OC OPS 4
34512	OC OPS 5
34513	OC OPS 6
34514	OC OPS 7
34515	OC OPS 8
34516	OC OPS 9
34517	OCSO ADM
34518	OCSO DET
34519	OCSO DISP
34520	OCSO INFO
34521	OCSO INV
34522	OCSO PAT
34523	OCSO OPS
34524	OVFD ADM3
34525	OVFD ADM1
34526	OVFD ADM2
34527	OC FireEMS
34537	CARR FD AD
34538	CARR FD DISP
34539	CARR PD AD
34540	CARR PD DISP
34541	CARR PD INFO
34542	CARR PD INV
34543	CARR PD OPS
34544	OCVFA3
34553	CHILL FD 1
34554	CHILL FD AD
34555	CHILL FD DIP
34556	CHILL PD AD
34557	CHILL PD DIP
34558	CHILL PD INF
34559	CHILL PD INV
34560	CHILL PD PAT
34561	CHILL PD OPS
34571	HILBO GENSV
34572	HILBO PD AD
34573	HILBO PD DIP
34574	HILBO PD INF
34575	HILBO PD PTL
34576	HILBO PD OPS
34577	HILBO PD INV
35000	PAMLICOEM
35001	PAMLICOEMS
35002	PAMLICOFD
35003	PAMLICOMAID
35004	PAMLICOSO
35005	PAMLICOTAC1
35006	PAMLICONARC
35500	PASQOCAMDANI
35501	PASQCMDCOMM
35502	PASQOCAMDFMA
35503	PASQOCAMDPWC
35504	PASQCMDTAC1
35505	PASQ EMS DISP
35506	PASQCMDTAC3
35507	PASQOCMDTAC4
35508	PASQCMDTAC5
35509	PASQCMDTAC6
35510	PASQCMDTAC7
35511	PASQCMDTAC8
35512	CAMDEN TAC
35513	PASQUOTANKEM
35514	PASQOTNKEMS
35515	PASQUOTANKFD
35516	PASQOTANKSO
35517	PASQTNKSOOPS
35518	PASQOTNKMAID
35528	CAMDENFIRE
35529	CAMDENSO
35530	CAMDENSOOPS
35540	ECITYFDDISP
35541	ECITYPD
35542	ECITYPDOPS
35543	ECITYPDSPECO
36000	Pender SOAir
36001	Pender Ops 6
36002	Pender Ops 1
36003	Pender Ops 2
36004	Pender Ops 3
36005	Pender Ops 4
36006	Pender EMS 1
36007	Pender EMS 2
36008	Pender FD 1
36009	Pender FD 2
36010	Pender LE 1
36011	Pender LE 2
36012	Pender SO Sp
36013	Pender Ops 7
36014	Pender Ops 5
36015	Pender ACO
36016	Pender SO Ja
36017	Pender EMA
36018	Pender SO TA
36028	Burgaw PD TA
36038	SurfCityPD T
36048	Topsail PD T
36058	Warsaw PD 1
36059	Warsaw PD 2
36060	Warsaw PD 3
36500	PERQUIMANSMA
36501	Perquimans EM
36502	Perquimans EMS
36503	PERQUIMANSFD
36504	PERQUIMANSSO
36505	PRQUIMANSTA
37000	PERSONCID
37001	PERSONCOMM
37002	PERSONDETENT
37003	PERSONEM
37004	PERSONEMS
37005	PERSONFIRE
37006	PERSONMAIDD
37007	PERSONRESQ
37008	PERSONSO
37009	PERSOADMIN
37010	PERSONSOSOPS
37011	PERSONTAC
37012	PERSONTAC2
37013	PERSONTAC3
37014	PERSONTAC4
37015	PERSONTAC5
37016	PERSONTAC6
37026	ROXBOROFDADM
37027	ROXFDDISP
37028	ROXBOROPDADM
37029	ROXPDPATROL
37500	PITTCCPD
37501	PCMHPDCID
37502	PCMHPD
37503	PCMHTACC
37504	PITCOSO3
37505	PITTCOABC
37506	PITTCOEMS
37507	PITTCOEM
37508	PITTCOFD
37509	PITTCOM
37510	PITTCOMAID
37511	PITTSOADMN
37512	PITTSOCID
37513	PITTSONARC
37514	PITTSO
37515	PITTSO2
37516	PITTEVENT1
37517	PITTMAID
37518	PITTPSTAC1
37519	PITTPSTAC2
37520	PITTPSTAC3
37521	PITTPSTAC4
37522	PITTNARCTF
37523	GVL FR 3
37524	GVL FR 4
37532	AYDENPD
37542	BETHELPD
37552	FARMVLEPD
37562	GREENVPDCOMM
37563	GREENVILLEFD
37564	GREENVLEPD
37565	GREENVPDACNS
37566	GREENVPDADMI
37569	GRVLPDCID
37579	GRIFTONPD
37589	WINTRVLEPD
38000	POLK EM
38001	POLK EMS
38002	POLK FD
38003	POLK MA
38004	POLK SO
38005	POLK SO TAC
38500	CLIMAX FD
38501	RANDOLPHCOMM
38502	RANDSONARC
38503	JULIAN FD
38504	MUNICIPALPD
38505	RANDOLPHEM
38506	RANDOLPH EMS
38507	RandolphEMS2
38508	RANDOLPFDADM
38509	RANDOLPHCOFD
38510	RANDOLPHHELP
38511	RANDOLPHJAIL
38512	RANDMAID
38513	RANDOLPHCOSO
38514	RANDSO2
38516	FAIRGROVE FD
38517	LVL CROSS FD
38518	ASH RAND RSQ
38519	RAMSEUR FD
38520	TABERNACL FD
38521	WESTSIDE FD
38522	FARMNEWHOPE
38523	FRANLNVL FD
38524	EAST SIDE FD
38534	SEAGROVE FD
38535	ULAH FD
38536	RANDOLPHSPOP
38556	COLERIDBENN
38577	RANDLMAN FD
38586	LIBRTYSTALY
38596	GUILRANDFIRE
38610	ASHEBOROPD1
38611	ASHEBOROPD2
38612	ASHEBOROPD OPS
38613	ASHEBORO FD
39000	Richmond Common
39004	Richmond EMO
39005	RICHMONDEMS
39006	RICHMONDFD
39007	RICHMNDSO
39008	Richmond MA
39009	Richmond Tac 1
39013	Richmond Tac 2
39014	Richmond Tac 3
39015	Richmond Tac 4
39026	HAMLETPD
39036	RockinghamPD
39037	RckghmPD Adm
39500	ROBCOMMON
39501	RCEMMAIN
39502	ROBESONEMS
39503	RCEMSTAC2
39504	ROB FD ADMN
39505	ROBESONFD
39509	ROBMA
39511	RCRESQTAC1
39512	ROBESONRESQ
39513	ROBESONSO
39519	RCFIRETAC1
39520	RCEMTAC1
39521	RCFIRETAC2
39522	RCFIRETAC3
39523	RCFIRETAC4
39524	RCFIRETAC5
39528	RCEMSTAC1
39529	RCTRAINING1
40001	RockCo SO Narc
40002	RockCo SO Patrol
40003	RockCo Common
40006	RockCo EMS
40007	RockCo Fire
40008	RockCo SO Disp
40009	RockCo Tac 9
40010	RockCo MA
40011	RockCo SAR
40012	Eden Tac 2
40013	Reidsville Tac 1
40014	Reidsville Tac 2
40015	RockCo Tac 2
40016	RockCo Tac 3
40017	RockCo Tac 4
40018	RockCo Tac 5
40019	RockCo Tac 6
40020	RockCo Tac 7
40021	RockCo Tac 8
40022	Eden Tac 1
40033	Eden FD Tac
40035	Eden PD 1
40037	RockCo Event
40048	Madison PD
40059	Mayodan PD
40069	Reidsville FD
40071	Reidsville PD
40500	ROWANEM
40501	ROWANEMS
40502	ROWANFIRE
40503	ROWANMAID
40504	ROWANSO
40505	ROWANTAC
41000	RUTHERFRDEM
41001	RUTHERFRDEMS
41002	RUTHERFRDFD
41003	RUTHERFRDSO
41004	RUTHERFRDTAC
41005	RUTHCO MA
41010	RuthCoFDTac2
41021	LAKELUREFD
41500	SC EM 2
41501	SC EM 1
41502	SAMPEMS2
41503	SAMPEMS3
41504	SAMPSONCOEMS
41505	SAMPFDTAC2
41506	SAMPFDTAC3
41507	SAMPFDDISP
41508	SC MA
41509	SAMPPDCMD
41510	SAMPFDTAC6
41511	SAMP CID
41512	SAMPSONCO SO
41513	SAMPSONSHEAT
41514	SAMP PAT1
41515	SAMP PAT2
41516	SAMP SID
41526	CLINTPDADM
41527	CLINTON PD
41528	CLINTPDINV
41529	CLINTPDNARC
41530	CLINTPD2
41541	SAMPFDTAC5
41542	SAMPFDTAC4
41552	SC EMS 4
42000	SCOTLANDEM
42001	SCOTLANDEMS
42002	SCOTLANDFIRE
42003	SCOTLANDMAID
42004	SCOTLANDSO
42005	SCOTLANDTAC
42500	STANLYCOM
42501	STANLYEM
42502	STANLYEMS 
42503	STANLYFIRE
42504	STANLYMAIDD
42505	STNLYRSQDISP
42506	STANLYSO
42507	STANLYSOADMN
42508	STANLYSOINV
42509	STANLYSONARC
42510	STANLYSOPTRL
42511	STAN OPS1
42512	STAN OPS2
42513	STAN OPS3
42514	STAN OPS4
42524	ALBEMPDADMN
42525	ALBEMPDDISP
43001	STOKES EMS
43002	STOKES FIRE
43003	Stokes MA
43004	STOKES LAW
43005	Stokes Tac 1
43006	Stokes Tac 2
43007	Stokes Tac 3
43008	Stokes Tac 4
43009	Stokes Tac 5
43012	STOKES SO NARC
43014	STOKESPATROL
43017	StokesRescue
43019	Stokes Co Common
43041	KING PD 1
43501	Surry Common
43503	SURRY EMS
43504	SCOEMSADMIN
43506	SURR FIRE
43507	Surry Mutual Aid
43509	Surry Rescue
43511	SURRYCO SO
43513	SURRYSOCID1 
43517	Surry Co Tac 1
43518	Surry Co Tac 2
43519	Surry Co Tac 3
43520	Surry Co Tac 4
43521	Surry Co Tac 5
43522	Surry Co Tac 6
43523	Surry Co Tac 7
43524	Surry Co Tac 8
43545	ELKINFDADMN
43546	ELKINPDADMN
43547	ELKINPDCID
43548	ELKIN PD
43549	ELKINPDSERT1
43562	MT AIRY PD
43563	MT AIRY FIRE
43575	PILOT MT PD
44000	SWAINEM
44001	SWAINEMS
44002	SWAINFIRE
44003	SWAINMAID
44004	SWAINSO
44005	SWAINTAC
44500	TRANSCO EM
44501	TRANSCO EMS
44502	TRANSCO FD
44503	TRANSCO SO
44504	TRANSCOTAC
44505	TRANSCO MA
45000	TYRRELLEM
45001	TYRRELLEMS
45002	TYRRELLFIRE
45003	TYRRELLMAID
45004	TyrrellHydeShrf
45005	TYRRELLTAC
45500	UNIONCOM
45501	UNIONEM
45502	UNIONEMS
45503	UNIONEMSALER
45504	UNIONFDALERT
45505	UNIONFIRE
45506	UNIONMAID
45507	UNIONSO
45508	UNIONSOCID
45509	UNIONSONARC
45510	UNIONTAC
45511	UNIONTAC2
45512	UNIONTAC3
45513	UNIONTAC4
45514	UNIONTAC5
45515	UNIONTAC6
45525	MONROFDADMN
45526	MONROFDALERT
45527	MONROFDDISP
45528	MONROPDDISP
46002	VANCEEMS
46003	VANCEFIRE
46004	VANCEMAIDD
46005	VANCECOSO
46006	VANCESOADMIN
46007	VANCESOCID
46008	VANCESOCIVIL
46010	VANCESOSPEC
46011	VANCETAC
46012	VANCETAC2
46013	VANCETAC3
46014	VANCETAC4
46015	VANCETAC5
46016	VANCETAC6
46017	VANCETAC7
46018	VANCETAC8
46028	HNDERFDADMN
46029	HNDERFDDISP
46030	HNDERPDCID
46031	HNDERPDDISP
46034	HNDERPDSOP
46036	HNDERSNPDTAC
46541	VWSO
46586	VWCOFD
46609	VWTAC1
46610	VWTAC2
46611	VWTAC3
46612	VWTAC4
46613	VWTAC5
46614	VWTAC6
46638	VWEM
46664	VWEMS
46714	VWLEAST
46753	VWMAID
46754	VWLWEST
46919	VWRALFD
46929	VWRALPD
47500	WARRENCOMM
47501	WARRENEM
47502	WARRENEMS
47503	WARRENFD
47504	WARRENMAID
47505	WARRENRESCUE
47506	WARRENSO
47518	WARRENTONPD
47529	NORLINAPD
48000	WSHTNCO MA
48001	WSHTNCO EM
48002	WSHTNCO EMS
48003	WSHTNCO FD
48005	WSHTNCO SO
48006	WSHTNCO TAC
48500	WATAUGA EM
48501	WATAUGAMEDIC
48502	WATAUGAFIRE
48503	WATAUGA SO
48504	WATAUGATAC
48505	WATAUGACOM
48506	WATAUGA MAID
48507	WATAUGA RSQ
48508	WATAUGASOADM
48509	WATAUGASOINV
48510	WATAUGASONAR
48511	WATAUGASOPTR
48512	WATAUGASORT
48513	WATAUGATAC2
48514	WATAUGATAC3
48515	WATAUGATAC4
48516	WATAUGATAC5
48517	WATAUGATAC6
48518	WATAUGATAC7
48519	WATAUGATAC8
48529	BEECHEMSDISP
48530	BEECHFDDISP
48531	BEECHMTNPD
48532	BEECHMTNPDIN
48533	BEECHMTNPDPT
48543	BLOWROCKFDDI
48544	BLOWROCKPDDI
48554	BOONEFDADMIN
48555	BOONEFDDISP
48556	BOONEPDADMIN
48557	BOONE PD
48558	BOONEPDINVES
48559	BOONEPDNARC
48560	BOONE PATROL
48561	BOONEPDSORT
48571	SEVENDEVPDDI
49000	WAYNE EM
49001	WAYNE EMS
49002	WAYNE FIRE
49003	WAYNE SO
49004	WAYNE TAC
49005	WAYNEMAID
49500	WILKESCOM
49501	WILKESRESQ
49502	WILKEMSTG1
49503	WILKEMTG1
49504	WILKFDTG1
49505	WILKESMAID
49506	WILKSOADMN
49507	WILKSOINV
49508	WILKSONARC
49509	WILKSOPTRL
49510	WILKSOTG1
49511	WILKESTAC
49512	WILKESTAC2
49513	WILKESTAC3
49514	WILKESTAC4
49524	WILKPDDISP
49525	WILKPDTAC
49535	NWILKPDDISP
49536	NWILKPDTAC
50000	WCOEM
50001	WCOEMS
50002	WCOFIRE
50003	WCOSO
50004	WCOSOTAC
50005	WCSOCOMMON
50006	WCOEMSADMIN
50007	WCO LAW
50008	WCOLEADMIN
50009	WCOLESOPS
50010	WCO MAIDD
50011	WCOSOADMIN
50012	WCOSOCIVIL
50013	WCONSOINVEST
50015	WCOSOPATROL
50016	WCO TAC2
50017	WCO TAC3
50018	WCO TAC4
50019	WCO TAC5
50020	WCO TAC6
50021	WCO TRAIN1
50031	WCTYFDDISP
50032	WCTYPDADMIN
50033	WCTYPDDISP
50034	WCTYPDINVEST
50035	WCTYFDADMIN
50500	YADKINCOMM
50501	YADKINEM
50502	YADKINEMS
50503	YADKINFD
50504	YADKINSO
50505	YADKINMAID
50506	YADSOADMIN
50507	YADKINSOINV
50508	YADKINSOPAT
50509	YADKINSO NAR
50510	YADKINTAC1
50511	YADKINTAC2
50512	YADKINTAC3
50513	YADKINTAC4
50523	BOONVILLEPD
50533	EASTBENDPD
50543	JONESVILLEPD
50553	YADKINVILLEP
51000	YANCEYAC1
51001	YANCEYEM
51002	YANCEY EMS
51003	YANCEYFD
51004	Yancey Shrf
51005	YANCEYMAIDD
51502	ALECOMM1
51503	ALECOMM2
51504	ALEDIST1
51505	ALEDIST10
51506	ALEDIST2
51507	ALEDIST3
51508	ALEDIST4
51509	ALEDIST5
51510	ALEDIST6
51511	ALEDIST7
51512	ALEDIST8
51513	ALEDIST9
51514	ALEWIDE1
51515	ALEWIDE2
51516	ALEDIST11
51518	ASUPD Disp
51521	BAPT AIR DISP
51523	BAPT GRD DISP
51525	BPSADMIN
51526	BPSINVEST
51527	BUTNER PS
51528	BPSPATROL
51529	BPSTAC1
51530	BPSTAC2
51531	BPSTAC3
51532	MCA AIR ADMN
51533	MCA AIR DISP
51534	MCA AIR OPS
51535	MCA GRD DISP
51539	DUKE LF GRD
51541	Life Flight Comm
51542	DUKE LF AIR
51543	EASTCARE HELO
51544	EASTCARE REP
51545	VIDANT GRD
51549	ECSU PD
51550	ECU PD 2
51551	VIPER COML
51555	CHERY HOS PD
51556	CHERY HOS TR
51567	FSUPDADMIN
51568	FSUPDDISP
51569	FSUPDINVEST
51579	LZCENTDIG
51580	LZEASTDIG
51581	LZWESTDIG
51582	MAMAAIRADMN
51583	MISSION RTS
51584	MAMA DISP
51586	Cone ADM
51587	Cone Disp
51588	Cone Ground
51591	AT ADM
51592	AT PD Disp
51593	AT CID
51595	NCALEHQ
51596	NCALETRAIN
51597	CAPEAST
51598	CAPPIED
51599	CAPSWIDE
51600	CAPWEST
51601	NCDACSADMIN
51602	NCDACSCOM
51603	NCDACSDIST
51604	NCDACSFD
51605	NCDACSMP
51606	NCDACSPID
51607	NCDACSVS
51608	NCDEPTAGTG1
51610	NCDMFCENTRAL
51611	NCDMFCOMM1
51612	NCDMFCOMM2
51613	NCDMFNORTH
51614	NCDMFSOUTH
51615	NCDOCDCCDIV1
51616	NCDOCDCCDIV2
51617	NCDOCDCCDIV3
51618	NCDOCDCCDIV4
51619	NCDOCDIST1
51620	NCDOCDIST7
51621	NCDOCDIST8
51624	NCDOCDIST9
51625	NCDOCDIST10
51626	NCDOCDIST11
51627	NCDOCDIST12
51628	NCDOCDIST13
51629	NCDOCDIST14
51630	NCDOCDIST2
51631	NCDOCDIST15
51633	NCDOCDIST16
51635	NCDOCDIST17
51637	NCDOCDIST18
51638	NCDOCDIST19A
51639	NCDOCDIST19B
51641	NCDOCDIST3
51643	NCDOCDIST20
51644	NCDOCDIST32
51645	NCDOCDIST21
51646	NCDOCDIST22
51647	NCDOCDIST23
51648	NCDOCDIST24
51649	NCDOCDIST25
51650	NCDOCDIST38
51651	NCDOCDIST26
51653	NCDOCDIST27
51654	NCDOCDIST41
51655	NCDOCDIST28
51656	NCDOCDIST29
51657	NCDOCDIST44
51658	NCDOCDIST30
51659	NCDOCDIST4
51661	NCDOCDIST5
51662	NCDOCDIST6
51663	NCDOC Emergency
51664	NCDOCDOP1PRI
51665	NCDOCDOP1TAC
51666	NCDOCDOP1TRA
51667	NCDOCDOP2PRI
51668	NCDOCDOP2TAC
51669	NCDOCDOP2TRA
51670	NCDOCDOP3PRI
51671	NCDOCDOP3TAC
51672	NCDOCDOP3TRA
51673	NCDOCDOP4PRI
51674	NCDOCDOP4TAC
51675	NCDOCDOP4TRA
51676	NCDOCDOP5PRI
51677	NCDOCDOP5TAC
51678	NCDOCDOP5TRA
51679	NCDOCSW1
51680	NCDOCSW2
51681	NCDOCSW3
51682	NCDOCSW4
51683	NCDOCSW5
51684	NCDOCSW6
51685	NCDOCSW7
51686	NCDOCSW8
51687	NCDOCSW9
51691	NCDOTCOMM1
51692	NCDOTCOMM2
51710	DOT Pender
51713	DOT Brunswk
51714	DOT Newhan
51720	DOT Durham
51722	DOT Wake
51749	NC DOT DIST 6
51750	DOT Davidson
51751	DOT Rowan
51753	DOT Forsyth
51754	DOT Stokes
51755	DOT Cabarrus
51762	DOT Surry
51793	DOT DIV 1
51794	DOT DIV 10
51795	DOT DIV 11
51796	DOT DIV 12
51797	DOT DIV 13
51798	DOT DIV 14
51799	DOT DIV 2
51800	DOT DIV 3
51801	DOT DIV 4
51802	DOT DIV 5
51803	DOT DIV 6
51804	DOT DIV 7
51805	DOT DIV 8
51806	DOT DIV 9
51807	FERRY NORTH
51808	FERRY CENTER
51809	FERRY SOUTH
51810	IMDspBun
51811	IMOps2Bun
51812	IMOps1Bun
51813	IMDspGC
51814	IMDspIC
51815	IMDspMet
51816	IMOps2Met
51817	IMOps2GC
51818	IMOps2IC
51819	IMOps1GC
51820	IMOps1IC
51821	IMOps1Met
51822	IMOps2WDJ
51823	IMDspWDJ
51824	IMOps1Wlm
51825	IMDspWlm
51826	IMOps1WDJ
51827	IMDspHay
51828	IMOps2Hay
51829	IMOps1Hay
51830	IMDspFDR
51831	IMDspGAO
51832	IMOps2GAO
51833	IMOps2FDR
51834	IMOps1FDR
51835	IMOps1GAO
51836	SWOps1
51837	DOT EAST
51838	DOT WEST
51839	DPRR 1 TG 1
51840	DPRR 1 TG 2
51841	DPRR 1 TG 3
51842	DPRR 1 TG 4
51843	DPRR 1 TG 5
51844	DPRR 1 TG 6
51845	DPRR 1 TG 7
51846	DPRR 1 TG 8
51847	DPRR 1 TG 9
51848	DPRR 1 TG 10
51849	DPRR 2 TG 1
51850	DPRR 2 TG 2
51851	DPRR 2 TG 3
51852	DPRR 2 TG 4
51853	DPRR 2 TG 5
51854	DPRR 2 TG 6
51855	DPRR 2 TG 7
51856	DPRR 2 TG 8
51857	DPRR 2 TG 9
51858	DPRR 2 TG 10
51859	DPRR 3 TG 1
51860	DPRR 3 TG 2
51861	DPRR 3 TG 3
51862	DPRR 3 TG 4
51863	DPRR 3 TG 5
51864	DPRR 3 TG 6
51865	DPRR 3 TG 7
51866	DPRR 3 TG 8
51867	DPRR 3 TG 9
51868	DPRR 3 TG 10
51869	DPRR 4 TG 1
51870	DPRR 4 TG 2
51871	DPRR 4 TG 3
51872	DPRR 4 TG 4
51873	DPRR 4 TG 5
51874	DPRR 4 TG 6
51875	DPRR 4 TG 7
51876	DPRR 4 TG 8
51877	DPRR 4 TG 9
51878	DPRR 4 TG 10
51879	DPRR 5 TG 1
51880	DPRR 5 TG 2
51881	DPRR 5 TG 3
51882	DPRR 5 TG 4
51883	DPRR 5 TG 5
51884	DPRR 5 TG 6
51885	DPRR 5 TG 7
51886	DPRR 5 TG 8
51887	DPRR 5 TG 9
51888	DPRR 5 TG 10
51889	DPRR 6 TG 1
51890	DPRR 6 TG 2
51891	DPRR 6 TG 3
51892	DPRR 6 TG 4
51893	DPRR 6 TG 5
51894	DPRR 6 TG 6
51895	DPRR 6 TG 7
51896	DPRR 6 TG 8
51897	DPRR 6 TG 9
51898	DPRR 6 TG 10
51899	DPRR 7 TG 1
51900	DPRR 7 TG 2
51901	DPRR 7 TG 3
51902	DPRR 7 TG 4
51903	DPRR 7 TG 5
51904	DPRR 7 TG 6
51905	DPRR 7 TG 7
51906	DPRR 7 TG 8
51907	DPRR 7 TG 9
51908	DPRR 7 TG 10
51909	DPRR 8 TG 1
51910	DPRR 8 TG 2
51911	DPRR 8 TG 3
51912	DPRR 8 TG 4
51913	DPRR 8 TG 5
51914	DPRR 8 TG 6
51915	DPRR 8 TG 7
51916	DPRR 8 TG 8
51917	DPRR 8 TG 9
51918	DPRR 8 TG 10
51919	DPRR 9 TG 1
51920	DPRR 9 TG 2
51921	DPRR 9 TG 3
51922	DPRR 9 TG 4
51923	DPRR 9 TG 5
51924	DPRR 9 TG 6
51925	DPRR 9 TG 7
51926	DPRR 9 TG 8
51927	DPRR 9 TG 9
51928	DPRR 9 TG 10
51929	SHP OPS 1
51930	SHP OPS 2
51931	SHP OPS 3
51932	SHP OPS 4
51933	SHP OPS 5
51934	SHP OPS 6
51935	SHP OPS 7
51936	SHP OPS 8
51938	EMCBO
51939	NCEM USAR 2
51940	NCEM USAR 3
51941	EMEBO
51942	NCEM USAR 6
51943	EMEOC
51945	NCEM USAR 8
51946	NCEM USAR 9
51947	NC EM RRT
51950	SW SMAT
51951	EM USAR
51952	NCEM USAR 10
51953	EMWBO
51954	NCEM USAR 11
51955	ALPHA1
51956	ALPHA2
51957	ALPHA3
51958	ALPHA4
51959	BRAVO1
51960	BRAVO2
51961	BRAVO3
51962	BRAVO4
51963	CHRLY1
51964	CHRLY2
51965	CHRLY3
51966	CHRLY4
51967	DELTA1
51968	DELTA2
51969	DELTA3
51970	DELTA4
51971	ECHO 1
51972	ECHO 2
51973	ECHO 3
51974	ECHO 4
51975	FOXTROT1
51976	FOXTROT2
51977	FOXTROT3
51978	FOXTROT4
51979	GOLF 1
51980	GOLF 2
51981	GOLF 3
51982	GOLF 4
51983	HOTEL 1
51984	HOTEL 2
51985	HOTEL 3
51986	HOTEL 4
51987	NCFS AIR SUPPORT
51988	NCFS COMM 1
51989	NCFS COMM 2
51990	NCFS HQ
51991	NCFS LE
51992	NCFS REG 1
51993	NCFS REG 2
51994	NCFS REG 3
51995	HART277OPS
51996	HART278OPS
51997	HART279OPS
51998	HART660OPS
51999	HART661OPS
52000	HART662OPS
52001	HART663OPS
52002	HART963OPS
52003	NCHARTCMD
52004	NCHARTKD1
52005	NCHARTKD2
52006	NCHARTKD3
52007	NCHARTKD4
52008	NCHARTKD5
52009	NCHARTKD6
52010	NCHARTOPS
52011	NCLTCOM1
52012	NCLTCOM2
52013	NCLTDIST1
52014	NCLTDIST2
52015	NCLTDIST3
52016	NCLTDIST4
52017	NCLTDIST5
52018	NCLTDIST6
52019	NCLTDIST7
52020	NCLTDIST8
52021	NCLTHQ
52022	NCLTSUPPLY
52023	NCLTTRAIN
52024	NCGAPD 1
52025	NCGAPD 2
52027	NCNG1
52028	NCNG2
52029	NCNG3
52030	NCNG4
52031	NGAIRBOSS
52032	NGJOC
52033	NGJRSOI1
52034	NGJRSOI2
52035	NGJTF
52036	NGLUH046
52037	NGLUH047
52038	NGLUH048
52039	NGLUH049
52040	NGLUHFLTCMD
52041	NGLUHFLTOPS
52042	NGMSC
52043	NGRRF
52046	NCOSFMADMIN
52047	NCOSFMCOUNTY
52048	NCOSFMEAST
52049	NCOSFMRAL
52050	NCOSFMWEST
52051	NCPHSWIDE
52052	NCPHSTSTAFF 
52053	PORTMOREHD
52054	PORTWILMNTN
52055	SBICALLSWIDE
52059	NCSBICOMMON1
52060	NCSBICOMMON2
52062	SBI DIST 8
52063	SBI PRI
52064	SBI SEC
52067	NCSBISRTSW 
52068	NCSBITG3
52069	NCSBITG4
52070	NCSFADMIN
52071	NCSFMAIN
52072	NCSFMAINT
52083	IMDspTAe
52084	IMDspTAc
52085	IMDspTAw
52086	IMDspTAsw
52087	NCWRCAIR1
52088	NCWRCAIR2
52089	NCWRCAIR3
52090	NCWRCAIR4
52091	NCWRCCOM1
52092	NCWRCCOM2
52093	NCWRCDIST1
52094	NCWRCDIST1CC
52095	NCWRCDIST2
52096	NCWRCDIST2CC
52097	NCWRCDIST3
52098	NCWRCDIST3CC
52099	NCWRCDIST4
52100	NCWRCDIST4CC
52101	NCWRCDIST5
52102	NCWRCDIST5CC
52103	NCWRCDIST6
52104	NCWRCDIST6CC
52105	NCWRCDIST7
52106	NCWRCDIST7CC
52107	NCWRCDIST8
52108	NCWRCDIST8CC
52109	NCWRCDIST9
52110	NCWRCDIST9CC
52112	NCWRCSWIDE 
52114	SBIADMIN
52115	SBISURV1
52116	SBISURV2
52117	SBISURV3
52118	SBISURV4
52119	SCPADMIN
52120	SCPINVA
52121	SCPINVB
52122	SCPPRI
52123	SCPSEC
52124	SCPTAC1
52125	SCPTAC2
52126	SCPTAC3
52127	SHP AIROPS
52129	SHPCIT
52130	SHPCITDEACOM
52134	Trp A Com 1 
52135	Trp A Com 2
52136	Trp A Dist 1
52137	Trp A Dist 2
52138	Trp A Dist 3
52139	Trp A Dist 4
52140	Trp A Dist 5
52141	Trp A Dist 6
52142	Trp A Dist 7
52143	Trp A Dist 8
52144	Trp A HQ
52145	Trp B Com 1
52146	Trp B COm 2
52147	Trp B Dist 1
52148	Trp B Dist 2
52149	Trp B Dist 3
52150	Trp B Dist 4
52151	Trp B Dist 5
52152	Trp B Dist 6
52153	Trp B Dist 7
52154	Trp B Dist 8
52155	Trp B HQ
52156	Trp C Com 1 
52157	Trp C Com 2
52158	Trp C Dist 1
52159	Trp C Dist 2
52160	Trp C Dist 3
52161	Trp C Dist 4
52162	Trp C Dist 5
52163	Trp C Dist 6
52164	Trp C Dist 7
52165	Trp C Dist 8
52166	Trp C HQ
52167	Trp D Com 1
52168	Trp D Com 2
52169	Trp D Dist 1
52170	Trp D Dist 2
52171	Trp D Dist 3
52172	Trp D Dist 4
52173	Trp D Dist 5
52174	Trp D Dist 6
52175	Trp D Dist 7
52176	Trp D HQ
52177	Trp E Com 1
52178	Trp E Com 2
52179	Trp E Dist 1
52180	Trp E Dist 2
52181	Trp E Dist 3
52182	Trp E Dist 4
52183	Trp E Dist 5
52184	Trp E Dist 6
52185	Trp E Dist 7
52186	Trp E HQ
52187	Trp F Com 1
52188	Trp F Com 2
52189	Trp F Dist 1
52190	Trp F Dist 2
52191	Trp F Dist 3
52192	Trp F Dist 4
52193	Trp F Dist 5
52194	Trp F HQ 
52195	Trp G Com 1
52196	Trp G Com 2
52197	Trp G Dist 1
52198	Trp G Dist 2
52199	Trp G Dist 3
52200	Trp G Dist 4
52201	Trp G Dist 5
52202	Trp G Dist 6
52203	Trp G HQ
52204	Trp H Com 1
52205	Trp H Com 2
52206	Trp H Dist 1
52207	Trp H Dist 2
52208	Trp H Dist 3
52209	Trp H Dist 4
52210	Trp H Dist 5
52211	Trp H Dist 6
52212	Trp H HQ
52216	SHP GOV 
52218	SHPMOTOR
52220	SHPSOSCOMMON1 
52221	SHPSOSCOMMON2 
52222	SHPSOSHQ 
52224	Trp A MAID
52225	Trp B MAID
52226	Trp C MAID
52227	Trp D MAID
52228	Trp E MAID
52229	Trp F MAID
52230	Trp G MAID
52231	Trp H MAID
52255	SWCALL
52256	SWEMS
52257	SWFIRE
52258	SWGEN
52259	SWLAW
52263	CABE
52264	FOMA
52265	GOCR
52266	GORG
52267	HABE
52268	HARO
52269	HARI
52270	CHRO
52271	JONE
52272	JORD
52273	JORI
52274	CACRWEWO
52275	KELA
52276	LAJA
52277	LANO
52278	LAWA
52279	LURI
52280	MARI
52281	MEMI
52282	MEMO
52285	CLNE
52286	NERIMOJE
52287	PETT
52288	PIMO
52289	RARO
52290	SILA
52292	STMO
52293	WIUM
52296	CRMO
52300	NODI OPS
52301	SODI OPS
52302	EADI OPS
52303	WEDI OPS
52304	SP SWTAC
52305	SP TAC 1
52306	SP TAC 2
52307	DISW
52308	SP TAC 3
52309	SP TAC 4
52310	SP TAC 5
52311	SP TAC 6
52312	SP TAC 7
52313	SP TAC 8
52314	SP TAC 9
52315	SP TAC10
52316	SP TAC11
52317	SP TAC12
52318	ELKNGRMO
52319	SP TAC13
52320	SP TAC14
52321	SP TAC15
52322	SP TAC16
52323	SP TAC17
52324	SP TAC18
52325	SP TAC19
52326	SP LE1
52327	SP LE2
52328	SP LE3
52329	ENRI
52330	SP LE4
52331	SP LE5
52332	SP LE6
52333	SP LE7
52334	FALA
52335	FOFI
52336	SHP MW TECH
52339	UNCACADMIN
52340	UNC AC HELO
52341	UNCACGRDOPS
52342	UNC AC GRND
52351	UNCG PD DIS
52353	UNCG PD CID
52354	UNCHOSP ED
52363	VCPOOL 1
52364	VCPOOL 2
52365	VCROAM 1
52366	VCROAM 2
52367	VEPOOL 1
52368	VEPOOL 2
52369	VEROAM 1
52370	VEROAM 2
52371	VIPERMEDAIR 
52372	Agape
52373	Vidant Beaufort
52374	Caswell CHC
52375	Wake Med Garner
52376	Mission Hosp
52377	WakeMed Apex
52378	Franklin Med
52379	Boone Trail 
52380	Vance Warren
52381	Person Med
52382	New Bern Ped
52383	Nash General
52384	Bladen Hosp
52385	Carteret Gen
52386	NorthernHosp
52387	NCSpcaltyHos
52388	Lincoln VMH1
52389	Butner Hosp
52390	Rural Health
52391	Wilson CHC
52392	Ahoskie Med
52393	Wake Med Cary
52394	Moses Cone
52395	Dosher Hosp
52396	FirstHealth Rich
52397	MntgomryHosp
52398	Wash County
52399	Wake Med Child R
52400	WakeMed NRaleigh
52401	Novant Presbyter
52402	Windsor Med
52403	Vidant Bertie
52404	CabarrusHlth
52405	Gaston Med
52406	Asheville VA
52407	WakeMed BrierCrk
52408	Carolinas SP
52409	CW WilamsCHC
52410	Hoke Co  med
52411	Carolinas ME
52412	Wade Family 
52413	Hghsmth Rany
52414	Presby VMI9
52415	TricountyCMC
52416	Lumberton HC
52417	Grace Hosp
52418	NH CMC
52419	KstnCMCVMI13
52420	Snow Hill 
52421	Naval Hospit
52422	Cherry Hosp
52423	Mashburn Med
52424	BlueRidgeMed
52425	Ridgelawn
52426	Johnston Clayton
52427	State OEMS
52428	CHS Valdese
52429	NECarConVMJ6
52430	Novant Thomasvil
52431	LexingtonMem
52432	Special Ops
52433	HIGH POINT
52434	 Wesley Long
52435	Womens
52436	JohnstonSmithfld
52437	Carrboro CHC
52438	Novant Matthews
52439	Caldwell Mem
52440	Carolinas 
52441	Novant Huntersvi
52442	CMC Steele Creek
52443	CMC Hospital
52444	 MoreheadHsp
52445	Novant Rowan
52446	Indian Hosp
52447	State EOC
52448	PittCoDisatr
52449	PittCo Admin
52450	Novant Halifax
52451	NavyCicCP
52452	Cape Fear
52453	UNCAdmnVMK12
52454	UNC Disaster
52455	CommunityCHC
52456	Duke RAC SMT
52457	NC BAPTIST 
52458	SMAT HOME
52459	SMRS Command
52460	 SMRS Logist
52461	Catawba Med
52462	SMRS VML4
52463	SMRS Transp
52464	SMRSOps1VML6
52465	SMRS2 VML7
52466	AIR Medical 
52467	FryHckryVMB3
52468	Cone MedCent
52469	Chatham Hosp
52470	Murphy Med
52471	Vidant Chowan
52472	CHS Cleveland
52473	Harnett Hosp
52474	CHS Kings Mtn
52475	ColumbusWHvl
52476	Craven Med
52477	Cape FearMed
52478	Fayetteville
52479	AlleghanyMed
52480	Womack Med
52481	Davie VMB15
52482	Duplin Gener
52483	Duke Medical
52484	Durham VMC2
52485	DURHAM
52486	Alamance Med
52487	GranvilleMed
52488	Our Comm Med
52489	BtsyJhnsVMC7
52490	Anson Hosp
52491	Haywood RMC
52492	Margaret P
52493	Park Ridge Hosp
52494	Vidant RoanokeC
52495	Lake Norman
52496	Davis Med
52497	Iredell Hosp
52498	 HarrisVMC15
52499	CentlCarHosp
52500	LenoirMemorl
52501	Anson Region
52502	AngelMedical
52503	Martin Genrl
52504	McdowelMarn
52505	 CMC MainMed
52506	OBX Nags
52507	Spruce Pine
52508	Moore Hosp
52509	Onslow Hosp
52510	UNC Hospital
52511	AlbemarleHos
52512	Ashe Hosp 
52513	Pender VMD12
52514	Person Memor
52515	Pitt Hosp
52516	RandolphHosp
52517	SandhillsMed
52518	SEmedlmbertn
52519	Annie Penn 
52520	Wake Forest
52521	Forsyth VME4
52522	 Sampson Med
52523	Cannon Hosp
52524	CHS Scotland
52525	Stanly Memor
52526	StokesReynol
52527	Hugh Chatham
52528	Swain Hosp
52529	 Trnsyl Hosp
52530	Union Med
52531	Parham Hospi
52532	DukeRal Hosp
52533	Rex Hospital
52534	Gaston Hosp
52535	Wilkes Med
52536	Wilson Med
52537	Hoots Hosp
52538	CMC Lincolnt
52539	StLuksClmbus
52540	RutherfrdHsp
52541	CMC MercyHos
52542	BlwngRockMed
52543	Watauga  Med
52544	Wake Med Raleigh
52545	PungoDistMed
52546	HeritageHosp
52547	VIPER Med
52548	Wayne Mem
52549	BrunswckVM13
52550	 Goshen Med 
52551	SalsbryVMF15
52552	Baptist Med
52553	KrnersvleMed
52554	NewHanovrMed
52555	Merce CHC
52560	VWPOOL 1
52561	VWPOOL 2
52562	VWROAM 1
52563	VWROAM 2
52565	WMAIROPS
52566	WMGRDOPS
52567	WMSECTY1
52568	WMADMIN
52569	WMAIRDISP
52570	WMEDCOM
52571	WMGRDDISP
52572	WMLEDISP
52573	WMLEMAIN
52574	WMLENE
52575	WMLESW
52576	WMLETAC
52577	WMOPS
52578	WRCBURN1
52579	WRCBURN10
52580	WRCBURN2
52581	WRCBURN3
52582	WRCBURN4
52583	WRCBURN5
52584	WRCBURN6
52585	WRCBURN7
52586	WRCBURN8
52587	WRCBURN9
52588	WRCMUTAID
52590	UNCHOSPPD 
52591	UNCPD INFO
52592	UNCPD DISP
52594	ECU PD 1
52600	Broughton Hosp
52624	UNCITSNETADM
52625	UNCITSNETTEC
52626	UNCITSNETWFI
52628	UNCITSTELECO
52629	UNCITSCNTRL
52630	UNC ITS ALT1
52631	UNC ITS ALT2
52632	UNCMEDOIF
52635	UNCPARKG
52636	UNCDPSP2P
52637	UNC SEC
52639	UNC EVENT1
52640	UNC EVENT 2
52641	UNC EVENT 3
52642	UNC EVENT 4
52643	UNC EVENT 5
52644	UNCHOSPRAL
52645	NCFS Dist 4
52647	NCFS Dist 7
52648	NCFS Dist 7 CC
52649	NCFS Dist 8
52650	NCFS Dist 8 CC
52651	NCFS Dist 13
52656	NCFS Dist 3
52657	NCFS Dist 3 Comm
52658	NCFS Dist 5
52660	NCFS Dist 6
52662	NCFS Dist 10
52663	NCFS Dist 10 CC
52664	NCFS Dist 11
52669	NCFS Dist 1
52670	NCFS Dist 2
52673	NCFS Dist 9
52675	NCFS Dist 12
52700	AIRLIFE DISP
52716	NOV GRD DISP
52717	NOV AIR DISP
52718	Novant Admin
53352	UNCG ADM
57500	NCSCCOMMTG
57501	SCHPCOMM
57502	SCHPSTATEWID
57503	SCHPTROOP3
57504	SCHPTROOP4
57505	SCHPTROOP5
57506	SHP SoRegion
60500	ATFEASH
60501	ATFECLT
60502	ATFECOM
60503	ATFEFAY
60504	ATFEGBO
60505	ATFEILM
60506	ATFERDU
60526	FBIAVL
60527	FBICLT
60528	FBICOM
60529	FBIECTY
60530	FBIFAY
60531	FBIGBO
60532	FBIGVL
60533	FBIHIC
60534	FBIILM
60535	FBIRAL
60545	FEDCOM1
60546	FEDCOM2
60556	HARVEYPRI
60557	HARVEYSEC
60558	USACEFALLS
60559	USACEILM
60560	USACEJORDAN
60561	USACENC
60562	USDOD
60584	NWSILM
60594	DEAAVL
60595	DEACLT
60596	DEACOMM
60597	DEAFAY
60598	DEAGBO
60599	DEAILM
60600	DEARAL
60610	USDHSERO
60611	USDHSHSI
60612	USDHSICE
60613	USDHSICEAVL
60614	USDHSICECLT
60615	USDHSICECOM1
60616	USDHSICECOM2
60617	USDHSICEILM
60618	USDHSICERAL
60619	USDHSICEWS
60643	USFSLEOPS1
60644	USFSLEOPS2
60654	USFWS1
60655	USFWS2
60656	USFWS3
60660	USMS 60660
60666	USMSCOMMON
60667	USMSEAST
60668	USMSMIDDLE
60669	USMSWEST
60670	USMSEAST2
60671	USMSMIDD2
60672	USMSWEST2
60673	USMSCOMM2
60674	USMS Common
60679	VAASHPRI
60680	VAASHSEC
60681	VACOMMON
60682	VADURPRI
60683	VADURSEC
60684	VAFAYPRI
60685	VAFAYSEC
60686	VASALPRI
60687	VASALSEC
60727	EBCIMUTAID
60728	EBCIEM
60729	EBCIEMS
60730	EBCIFD
60731	EBCILAW
60732	EBCITAC1
60918	Fed Prob 60918
60930	Fed Prob 60930
60931	Fed Prob 60931
60932	Fed Prob 60932
